Service Event,Cumulative Hours,Date,Inspection/Service Type,Key Tasks Performed,Cost (USD)
50-hour Check,50,Mar 10,Routine Check (Oil/Filters),"Oil change; Oil filter change; Basic system checks (fluids, hydraulics)",2000
100-hour Insp.,100,Jun 02,100-hour FAA Inspection,"Full airframe inspection; Engine checks; Compression tests; Spark plugs",5000
150-hour Check,150,Aug 01,Routine Check (Oil/Filters),"Oil change; Filter change; Minor avionics check",2000
200-hour Insp.,200,Sep 15,Deeper Airframe & Engine Inspection,"Airframe checks for corrosion; Landing gear inspection; Fuel system test",6500
300-hour Insp.,300,Nov 20,"100-hour (second cycle) + extras","Same as 100-hour scope; Additional repairs to interior cabin fittings",5500
Annual Insp.,350-400,Dec 15,Annual (Comprehensive),"All major systems (engine, avionics, structure); Compliance check, records",12000
